description,sync_key,llm_key,differs
"- ELEVEN YOUNGSTORGET OSLO","- eleven youngstorget oslo","- eleven youngstorget oslo",""
"- ISTORE @ MSP","- istore @ msp","- istore @ msp",""
"-ELEVEN R TOLLEF KILDE RENA","-eleven","eleven","YES"
"-ELEVEN S THORVALD MEY OSLO","-eleven","eleven","YES"
"/8_59993_Circle_K","/8_59993_circle_k","/8_59993_circle_k",""
"4Service Facility A","4service facility a","4service facility a",""
"7ELEVEN OLAF RYES PL","7eleven olaf ryes pl","7eleven olaf ryes pl",""
"ABILDSØ ELEKTRISKE AS","abildsø elektriske as","abildsø elektriske as",""
"ABUS-GRUPPEN NORDIC A/S","abus-gruppen nordic a/s","abus-gruppen nordic a/s",""
"ADOBE PHTOSHP LIGHTR","adobe","adobe",""
"ADOBE SYSTEMS SOFTWARE","adobe","adobe",""
"AIRBNB HM4FFRPT9T","airbnb hm","airbnb","YES"
"AIRBNB HMHHN39WA9","airbnb hm","airbnb","YES"
"AIRBNB HMQ439RB2D","airbnb hm","airbnb","YES"
"AIRBNB HMZHP9BB52","airbnb hm","airbnb","YES"
"ALIEXPRESS.COM","aliexpress.com","aliexpress.com",""
"AMAZON NH0104EM0","amazon nh0104em","amazon nh0104em0","YES"
"AMEDIA PRODUKT OG TEKNOLOGI AS","amedia produkt og teknologi as","amedia produkt og teknologi as",""
"AMUNDSEN BRYGGE STORTINGSGAT OSLO","amundsen brygge stortingsgat oslo","amundsen brygge stortingsgat oslo",""
"APCOA FLOW","apcoa flow","apcoa flow",""
"APOTEK1 BRYN AS ØSTENSJØV OSLO","apotek1 bryn as østensjøv oslo","apotek1 bryn as østensjøv oslo",""
"APPLE.COM/BILL","apple.com/bill","apple.com/bill",""
"APRICO RESTAURANT","aprico restaurant","aprico restaurant",""
"ARK ALNA STRØMSVN. OSLO","ark alna strømsvn. oslo","ark alna strømsvn. oslo",""
"AVTALEGIRO ENTER","avtalegiro enter","avtalegiro enter",""
"Adresseavisen","adresseavisen","adresseavisen",""
"Aftenposten","aftenposten","aftenposten",""
"Anita Grønningsæter Digernes","anita grønningsæter digernes","anita grønningsæter digernes",""
"Annemarte Moland","annemarte moland","annemarte moland",""
"Apen kveld Noekleva","apen kveld noekleva","apen kveld noekleva",""
"Aral Station","aral station","aral station",""
"Avtale","avtale","avtale",""
"Avtalegiro","avtale","avtalegiro","YES"
"BACKSTUBE - OSL CHR. FREDERI OSLO","backstube","backstube",""
"BACKSTUBE KVADR PRINSENSGT12 OSLO","backstube","backstube",""
"BACKSTUBE VATER STENERSGATEN OSLO","backstube","backstube",""
"BAD.NO AS","bad.no as","bad.no as",""
"BAKE ME UP TORG TORGGATA - OSLO","bake me up torg torggata - oslo","bake me up torg torggata - oslo",""
"BAKER HANSEN AV VITAMINVEIEN OSLO","baker hansen av vitaminveien oslo","baker hansen av vitaminveien oslo",""
"BARNEHAGE","barnehage","barnehage",""
"BAUHAUS LIERSKO GJELLEBEKKVE LIERSKOGEN","bauhaus","bauhaus",""
"BAUHAUS VESTBY KLEVERVEIEN VESTBY","bauhaus","bauhaus",""
"BILKOLLEKTIVET","bilkollektivet","bilkollektivet",""
"BILTEMA AVD STRØMSV. OSLO","biltema avd strømsv. oslo","biltema avd strømsv. oslo",""
"BISPEVIKA AS C/O ÅPENT BA OSLO","bispevika as c/o åpent ba oslo","bispevika as c/o åpent ba oslo",""
"BIT OSL INNLAND","bit osl innland","bit","YES"
"BIT OSL INNLAND JERNBANETORG OSLO","bit osl innland","bit","YES"
"BOGERUD TEKSTIL STALLERUDVN. OSLO","bogerud tekstil stallerudvn. oslo","bogerud tekstil stallerudvn. oslo",""
"BOMPENGER FOR BE","bompenger for be","bompenger for be",""
"BOOTS APOTEK BØLER","boots apotek bøler","boots apotek bøler",""
"BOYS BRYN BRYN SENTER OSLO","boys bryn bryn senter oslo","boys bryn bryn senter oslo",""
"BUNNPRIS KLETT KLETTVN. TR.HEIM","bunnpris","bunnpris",""
"BUNNPRIS MARKEV MARKEVEIEN BERGEN","bunnpris","bunnpris",""
"BUNNPRIS VALLDA GRANDEGT. VALLDAL","bunnpris","bunnpris",""
"BUTIKKDRIFT ILY JERNBANETORG OSLO","butikkdrift ily jernbanetorg oslo","butikkdrift ily jernbanetorg oslo",""
"BUYPASS IDRETT VIPPS","buypass idrett vipps","buypass idrett vipps",""
"BYGGMAX ENEBAKKV. OSLO","byggmax","byggmax",""
"BYGGMAX KARIHAU KARIHAUGVEIE OSLO","byggmax","byggmax",""
"BYÅSEN BAKERI A ENROMV. TRONDHEIM","byåsen bakeri a enromv. trondheim","byåsen bakeri a enromv. trondheim",""
"Bilkraft Elbil-ladi","bilkraft elbil-ladi","bilkraft elbil-ladi",""
"Billettservice AS","billettservice as","billettservice as",""
"Boeler IF - Lotteri","boeler if","boeler if",""
"Boeler IF Fotball","boeler if","boeler if",""
"Boeler IF Fotball I","boeler if","boeler if",""
"Boeler IF Friidrett","boeler if","boeler if",""
"Boliglån","boliglån","boliglån",""
"Buypass AS","buypass as","buypass as",""
"Bydel Østensjø","bydel østensjø","bydel østensjø",""
"BØLER BAD BØLERLIA B OSLO","bøler","bøler bad","YES"
"BØLER POST I BUTIKK OSLO","bøler","bøler post","YES"
"BØLER ZOO AS UTMARKVEIEN OSLO","bøler","bøler zoo","YES"
"CARLINGS KA KARL JOHANS OSLO","carlings ka karl johans oslo","carlings ka karl johans oslo",""
"CHECKINPAY AS","checkinpay as","checkinpay as",""
"CHRISTIANA VED / VED24","christiana ved / ved","christiana ved / ved24","YES"
"CIRCLE K BØLER BØLERLIA OSLO","circle k","circle k",""
"CIRCLE K E6 VIN RUSTENVEGEN VINSTRA","circle k","circle k",""
"CIRCLE K RINGER HOLEVEIEN RØYSE","circle k","circle k",""
"CLAS OHL STRØMSVEIEN OSLO","clas ohl","clas ohl",""
"CLAS OHL VITAMINVEIEN OSLO","clas ohl","clas ohl",""
"CLAS OHL ØSTENSJØV. OSLO","clas ohl","clas ohl",""
"COCA COLA HBC AUSTRIA GMB","coca cola hbc austria gmb","coca cola hbc austria gmb",""
"COMFORTHOTELXPRES","comforthotelxpres","comforthotelxpres",""
"CONTINENTAL HOL STORTINGSGAT OSLO","continental hol stortingsgat oslo","continental hol stortingsgat oslo",""
"COOP MARKED INNL P","coop","coop marked","YES"
"COOP MEGA BOLER","coop","coop mega","YES"
"COOP MEGA BØLER BØLERLIA OSLO","coop","coop mega","YES"
"COOP MEGA VOLDA HAMNEG. VOLDA","coop","coop mega","YES"
"COOP OBS BYGG ALNABRU","coop","coop obs bygg","YES"
"COOP OBS BYGG NYGARDSKR","coop","coop obs bygg","YES"
"COOP PRIX ROGNH BØCKMANNSV. TRONDHEIM","coop","coop",""
"COOP PRIX ØSTMA ØSTMARKVEIEN OSLO","coop","coop",""
"CROWN SEAWAYS","crown seaways","crown seaways",""
"Capi Lounge","capi lounge","capi lounge",""
"Clas Ohlson AS","clas ohlson as","clas ohlson as",""
"Coca-colaautomaten","coca-colaautomaten","coca-colaautomaten",""
"DATA VIZ SOCIETY","data viz society","data viz society",""
"DELI DE LUCA GR SMALGANGEN OSLO","deli de luca gr smalgangen oslo","deli de luca gr smalgangen oslo",""
"DELTA AIR SERVICE FEE","delta air service fee","delta air service fee",""
"DEN NORSKE ISBILEN","den norske isbilen","den norske isbilen",""
"DET NORSKE TEATER","det norske teater","det norske teater",""
"DFDSSEAWAYS.DK","dfdsseaways.dk","dfdsseaways.dk",""
"DFP187516148","dfp","dfp187516148","YES"
"DIGITALE VIGNETTE","digital","digitale vignette","YES"
"DIGITALOCEAN.COM","digital","digitalocean","YES"
"DIXON HÅR UTMARKVEIEN OSLO","dixon hår utmarkveien oslo","dixon hår utmarkveien oslo",""
"DM-FIL. A08F","dm-fil. a08f","dm-fil. a08f",""
"DUTY-FREE DFA-OSL GARDERMOEN","duty-free dfa-osl gardermoen","duty-free dfa-osl gardermoen",""
"Dagsavisen","dagsavisen","dagsavisen",""
"Demo","demo","demo",""
"Det Norske Teatret","det norske teatret","det norske teatret",""
"Dr. Gjedebo (Østensjø Legesenter AS)","dr. gjedebo (østensjø legesenter as)","dr. gjedebo (østensjø legesenter as)",""
"Duken Bar Pi BZXWDKNZ","duken bar pi bzxwdknz","duken bar pi bzxwdknz",""
"EBOK.NO","ebok.no","ebok.no",""
"ELTON","elton","elton",""
"ENTER FORSIKRING","enter forsikring","enter forsikring",""
"EPLEHUSET.NO","eplehuset.no","eplehuset.no",""
"ESPOS UTLEIE KOBBERVIKDAL DRAMMEN","espos utleie kobbervikdal drammen","espos utleie kobbervikdal drammen",""
"ESSO HELLERUDVE HELLERUDVN OSLO","esso","esso",""
"ESSO MYKLEGARD ÅNESTADVEGEN LØTEN","esso","esso",""
"ESSO STRYN TONNINGSGT. STRYN","esso","esso",""
"ESTES TWIN CITIES NEWS","estes twin cities news","estes twin cities news",""
"EUR ABUS-GRUPPEN NORDIC A/S","eur abus-gruppen nordic a/s","eur abus-gruppen nordic a/s",""
"EVO ELSYKLER VE GJERDRUMSVEI OSLO","evo elsykler ve gjerdrumsvei oslo","evo elsykler ve gjerdrumsvei oslo",""
"EVOFITNESS","evofitness","evofitness",""
"EWR SMOKEHOUSE BBQ","ewr smokehouse bbq","ewr smokehouse bbq",""
"EXTRA ALVDAL","extra","extra",""
"EXTRA GRØNLANDS GRØNLANDSREI OSLO","extra","extra",""
"EXTRA LEKER ALN STRØMSVEIEN OSLO","extra","extra",""
"EXTRA RINDAL RINDALSVEGEN RINDAL","extra","extra",""
"EXTRA VOLDA FURENE VOLDA","extra","extra",""
"Eagle SA Suisse","eagle sa suisse","eagle sa suisse",""
"EasyPark AS","easypark as","easypark as",""
"Elkjoep nettbutikk","elkjoep nettbutikk","elkjoep nettbutikk",""
"Ellos Norway AS","ellos norway as","ellos norway as",""
"Eurosko","eurosko","eurosko",""
"FILIAL AF BANKING CIRCLE","filial af banking circle","filial af banking circle",""
"FINN Enhjoerning fra Ru","finn enhjoerning fra ru","finn enhjoerning fra ru",""
"FJORD1 FERDAMAT STRANDAVN. FLORØ","fjord1 ferdamat strandavn. florø","fjord1 ferdamat strandavn. florø",""
"FLYT AS","flyt as","flyt as",""
"FRANK WALTON AS OLAVRYESSPLA OSLO","frank walton as olavryesspla oslo","frank walton as olavryesspla oslo",""
"FREMTIND FORSIK","fremtind forsik","fremtind forsik",""
"FS MapTiler","fs maptiler","fs maptiler",""
"Fet Idrettslag","fet idrettslag","fet idrettslag",""
"Fet Idrettslag Kios","fet idrettslag","fet idrettslag",""
"Fjellsport.no","fjellsport.no","fjellsport.no",""
"Fjordkraft AS","fjordkraft as","fjordkraft as",""
"Foodora Norway","foodora norway","foodora norway",""
"Forfall","forfall","forfall",""
"Fra fond","fra fond","fra fond",""
"Fra:","fra:","fra:",""
"Fremtind Forsik","fremtind forsik","fremtind forsik",""
"Fremtind Forsikring","fremtind forsik","fremtind forsikring","YES"
"GITHUB, INC","github, inc","github, inc",""
"GJENSIDIGE FORSIKRING ASA","gjensidige forsikring asa","gjensidige forsikring asa",""
"GODT BRØD THORVALD MEY OSLO","godt brød thorvald mey oslo","godt brød thorvald mey oslo",""
"GREAT STEAK","great steak","great steak",""
"GROUP.ONE NORWAY AS - PROISP","group.one norway as - proisp","group.one norway as - proisp",""
"GRÆNDSENS SKOTØ GRENSEN OSLO","grændsens skotø grensen oslo","grændsens skotø grensen oslo",""
"GUSTAVSEN AS","gustavsen as","gustavsen as",""
"Get Inspired","get inspired","get inspired",""
"GlasmagasinetANS","glasmagasinetans","glasmagasinetans",""
"Golf Fun Park","golf fun park","golf fun park",""
"Google GSUITE_hoi.by","google","google gsuite","YES"
"Google Workspace_hoi.by","google","google workspace","YES"
"Grill","grill","grill",""
"H vard Wormda","h vard wormda","h vard wormda",""
"HAAGEN-DAZS","haagen-dazs","haagen-dazs",""
"HELFO","helfo","helfo",""
"HMS Host International","hms host international","hms host international",""
"HOOPLA AS","hoopla as","hoopla as",""
"HOTEL AT BOOKING.C","hotel","hotel",""
"HOTEL BRISTOL R KRISTIAN IV` OSLO","hotel","hotel bristol","YES"
"HOTEL INDIGO MINNEAPOLIS","hotel","hotel indigo","YES"
"Hans Martin Høiby","hans martin høiby","hans martin høiby",""
"Hernan Christiam Torres Arroyo","hernan christiam torres arroyo","hernan christiam torres arroyo",""
"Himla brukskonto Boliglån","himla brukskonto boliglån","himla brukskonto boliglån",""
"HØLSTOVEGEN C/O OLE MORT RINDAL","hølstovegen c/o ole mort rindal","hølstovegen c/o ole mort rindal",""
"Håvard Gressum Antonsen","håvard","håvard gressum antonsen","YES"
"Håvard Wormdal Høiby","håvard","håvard wormdal høiby","YES"
"I HEART MINNESOTA","i heart minnesota","i heart minnesota",""
"IKEA FURUSET HF STRØMSVEIEN OSLO","ikea furuset","ikea furuset",""
"IKEA FURUSET IF STRØMSVEIEN OSLO","ikea furuset","ikea furuset",""
"IKIGAI-japan B5LZNM4Z","ikigai-japan b5lznm4z","ikigai-japan b5lznm4z",""
"INFO-TERIA PIBE","info-teria pibe","info-teria pibe",""
"INNSKUDDSRENTE","innskuddsrente","innskuddsrente",""
"IT'S SUGAR MALL OF AMERI","it's sugar mall of ameri","it's sugar mall of ameri",""
"Ida Scheen","ida scheen","ida scheen",""
"Ingensteds","ingensteds","ingensteds",""
"Iver Høiby","iver høiby","iver høiby",""
"JAMAL'S FALAFEL FELTSPATVEIE OSLO","jamal's falafel feltspatveie oslo","jamal's falafel feltspatveie oslo",""
"JERNIA BØLER OSLO","jernia","jernia",""
"JERNIA HOLTET KONGSVEIEN OSLO","jernia","jernia",""
"JOKER ABILDSØ","joker","joker",""
"JOKER ABILDSØ ENEBAKKVEIEN OSLO","joker","joker",""
"JOKER HØYBRÅTEN HØYBRÅTENVEI OSLO","joker","joker",""
"JOKER KVADRATUR TOLLBUGATA OSLO","joker","joker",""
"JOKER PRINSENSG PRINSENSGATE OSLO","joker","joker",""
"JOTTACLOUD","jottacloud","jottacloud",""
"JULA LØRENSKOG SOLHEIMVEIEN LØRENSKOG","jula lørenskog solheimveien lørenskog","jula lørenskog solheimveien lørenskog",""
"Jan Gunnar Furuly","jan gunnar furuly","jan gunnar furuly",""
"Jarand Ullestad","jarand ullestad","jarand ullestad",""
"Jernia","jernia","jernia",""
"Jonathan sushi take","jonathan sushi take","jonathan sushi take",""
"Justyna Promowicz","justyna promowicz","justyna promowicz",""
"KAFFEBRENNERIET GRØNLANDSLEI OSLO","kaffebrenneriet","kaffebrenneriet",""
"KAFFEBRENNERIET SKOVVN. OSLO","kaffebrenneriet","kaffebrenneriet",""
"KAFFEBRENNERIET STORGT. OSLO","kaffebrenneriet","kaffebrenneriet",""
"KARLS TOURISMUS GMBH","karls tourismus gmbh","karls tourismus gmbh",""
"KB40 KAFFEBRENN DRONNING EUF OSLO","kb40 kaffebrenn dronning euf oslo","kb40 kaffebrenn dronning euf oslo",""
"KERN BAECKEREI CAFE","kern baeckerei cafe","kern baeckerei cafe",""
"KID ALNAB STRØMSVEIEN OSLO","kid alnab strømsveien oslo","kid alnab strømsveien oslo",""
"KID STORG STORGATA OSLO","kid storg storgata oslo","kid storg storgata oslo",""
"KIWI BOGERU STALLERUDVEI OSLO","kiwi","kiwi",""
"KIWI BYPORT JERNBANETORG OSLO","kiwi","kiwi",""
"KIWI BØLERL","kiwi","kiwi",""
"KIWI BØLERL BØLERLIA OSLO","kiwi","kiwi",""
"KIWI FAGERS MYKLERUDVN. FAGERSTRAND","kiwi","kiwi",""
"KIWI TONSEN RØDBERGVEIEN OSLO","kiwi","kiwi",""
"KJELL &CO NO005 GAMLEVEIEN RASTA","kjell","kjell & co","YES"
"KJELL.COM/NO","kjell","kjell.com","YES"
"KLINGENBERG OLAV VS GT OSLO","klingenberg olav vs gt oslo","klingenberg olav vs gt oslo",""
"KONTANTINNSKUDD I BUTIKK KIWI BØLERL OSLO","kontant","kiwi","YES"
"KONTANTUTTAK VISA TRANS(ER) TYPE","kontant","visa","YES"
"KORTLEVERT AS","kortlevert as","kortlevert as",""
"KUNSTPAUSE AS","kunstpause as","kunstpause as",""
"Kafe Bokmarked Noek","kafe bokmarked noek","kafe bokmarked noek",""
"Karma.no_","karma.no_","karma.no_",""
"Kattnakken A s","kattnakken a s","kattnakken a s",""
"Kindle B262J2E50","kindle b262j2e","kindle b262j2e50","YES"
"Kistefos billetter","kistefos billetter","kistefos billetter",""
"Kjetil Høiby","kjetil høiby","kjetil høiby",""
"Kost1.no","kost1.no","kost1.no",""
"Kulturkirken Jakob / R","kulturkirken jakob / r","kulturkirken jakob / r",""
"LAMPEHUSET ALNA SMALVOLLVEIE OSLO","lampehuset alna smalvollveie oslo","lampehuset alna smalvollveie oslo",""
"LEGO MALL OF AMERICA","lego mall of america","lego mall of america",""
"LEOSLEKELAND.NO E4US9YED4","leoslekeland.no e4us9yed","leoslekeland.no e4us9yed4","YES"
"LIDLDANMARKKS","lidldanmarkks","lidldanmarkks",""
"LINDEX AS JERNBANETORG OSLO","lindex","lindex",""
"LINDEX GRENSEN GRENSEN - OSLO","lindex","lindex",""
"LOfavør","lofavør","lofavør",""
"LUSH DIVE AS THORVALD MEY OSLO","lush dive as thorvald mey oslo","lush dive as thorvald mey oslo",""
"Lambertseter SK","lambertseter sk","lambertseter sk",""
"Lappeliten.no","lappeliten.no","lappeliten.no",""
"Legeakademiet","legeakademiet","legeakademiet",""
"Lekekassen.no","lekekassen.no","lekekassen.no",""
"Lily-Bankett","lily-bankett","lily-bankett",""
"Linda Grønningsæter Digernes","linda grønningsæter digernes","linda grønningsæter digernes",""
"Lindex AS","lindex as","lindex as",""
"Løpende","løpende","løpende",""
"MAMMA PIZZA AS DRONNINGENS OSLO","mamma pizza as dronningens oslo","mamma pizza as dronningens oslo",""
"MARRIOTT MINNEAPOLIS C","marriott minneapolis","marriott","YES"
"MARRIOTT MINNEAPOLIS F","marriott minneapolis","marriott","YES"
"MAXBO SINSEN HANS NIELSEN OSLO","maxbo s","maxbo","YES"
"MAXBO STORMARKE DRAMMENSVEIE OSLO","maxbo s","maxbo","YES"
"MAXIM FIREWORKS SANNERGATA OSLO","maxim fireworks sannergata oslo","maxim fireworks sannergata oslo",""
"MEDLEMSKAP DES","medlemsk","medlemskap","YES"
"MEDLEMSKAP FEB","medlemsk","medlemskap","YES"
"MEDLEMSKAP JAN","medlemsk","medlemskap","YES"
"MEDLEMSKAP MAR","medlemsk","medlemskap","YES"
"MEDLEMSKAP NOV","medlemsk","medlemskap","YES"
"MEDLEMSKAP OKT","medlemsk","medlemskap","YES"
"MEDLEMSKONTINGE","medlemsk","medlemsk",""
"MENY ALNA STRØMSVEIEN OSLO","meny","meny",""
"MENY BRYN ØSTENSJØVEIE OSLO","meny","meny",""
"MENY OPPSAL HAAKON TVETE OSLO","meny","meny",""
"MESTER GRØNN GJELLEBEKKST LIERSKOGEN","mester grønn gjellebekkst lierskogen","mester grønn gjellebekkst lierskogen",""
"MILJØ RENHOLDST JERNBANETORG OSLO","miljø renholdst jernbanetorg oslo","miljø renholdst jernbanetorg oslo",""
"MORGENLEVERING.NO","morgenlevering.no","morgenlevering.no",""
"MV BERLIN","mv berlin","mv berlin",""
"MV COPENHAGEN","mv copenhagen","mv copenhagen",""
"Maaaat","maaaat","maaaat",""
"Magistrat Krems Bad","magistrat krems bad","magistrat krems bad",""
"Maia-Lena Ottosson","maia-lena ottosson","maia-lena ottosson",""
"Matpenger","matpenger","matpenger",""
"Medlemskontingent","medlemskontingent","medlemskontingent",""
"Meininger Hotel Dresden G","meininger hotel dresden g","meininger hotel dresden g",""
"Mer Norway AS","mer norway as","mer norway as",""
"Mesh Youngstorget AS","mesh youngstorget as","mesh youngstorget as",""
"Monolitten Handball","monolitten handball","monolitten handball",""
"Morgenbladet AS","morgenbladet as","morgenbladet as",""
"NAF SYKKEL","naf sykkel","naf sykkel",""
"NARVESEN AVD201 GLADENGVN. OSLO","narvesen","narvesen",""
"NARVESEN BØLER T-BANE OSLO","narvesen","narvesen",""
"NARVESEN CONTINENTAL","narvesen","narvesen",""
"NARVESEN GA","narvesen","narvesen",""
"NARVESEN GR GRØNLAND TOR OSLO","narvesen","narvesen",""
"NARVESEN GROENLAND T-","narvesen","narvesen",""
"NARVESEN IN JERNBANETORG OSLO","narvesen","narvesen",""
"NARVESEN JERNBANET.T-","narvesen","narvesen",""
"NARVESEN OP DRONNING EUF OSLO","narvesen","narvesen",""
"NARVESEN TOYEN T-BANE OSLO","narvesen","narvesen",""
"NASJONAL JAZZSC POSTBOKS OSLO","nasjonal jazzsc postboks oslo","nasjonal jazzsc postboks oslo",""
"NATIONALTHEATRET.NO","nationaltheatret.no","nationaltheatret.no",""
"NEON.TECH","neon.tech","neon.tech",""
"NETFLIX.COM","netflix.com","netflix.com",""
"NETTGIRO M/KID OG FORF.DATO TRANS(ER) TYPE","nettgiro m/kid og forf.dato trans(er) type","nettgiro m/kid og forf.dato trans(er) type",""
"NILLE BØLER UTMARKVN. OSLO","nille bøler utmarkvn. oslo","nille bøler utmarkvn. oslo",""
"NJ FORSIKRING","nj forsikring","nj forsikring",""
"NO0716 ØSTENSJØVEIE OSLO","no0716 østensjøveie oslo","no0716 østensjøveie oslo",""
"NO0722 STENERSGATEN OSLO","no0722 stenersgaten oslo","no0722 stenersgaten oslo",""
"NO0885 KARL JOHANSG OSLO","no0885 karl johansg oslo","no0885 karl johansg oslo",""
"NORDBY BAKERI O HOLMLIA SENT OSLO","nordby bakeri o holmlia sent oslo","nordby bakeri o holmlia sent oslo",""
"NORDLYS DAGLIGV HAAKON TVETE OSLO","nordlys dagligv haakon tvete oslo","nordlys dagligv haakon tvete oslo",""
"NORLI BRYN SENT ØSTENSJØVEIE OSLO","norli","norli",""
"NORLI BØLER UTMARKSVN OSLO","norli","norli",""
"NORLI UNIVERSIT UNIVERSITETS OSLO","norli","norli",""
"NORMS PIZZA - CORTL","norms pizza - cortl","norms pizza - cortl",""
"NORSK ARBEIDSHELSE AS","norsk","norsk arbeidshelse","YES"
"NORSK BARNEBLAD SA","norsk","norsk barneblad","YES"
"NORSK FILMINSTITUTT","norsk","norsk filminstitutt","YES"
"NORSK JOURNALIS","norsk","norsk journalist","YES"
"NORSK JOURNALISTLAG","norsk","norsk journalistlag","YES"
"NORSK-SKOLEFOTO.NO","norsk","norsk skolefoto","YES"
"NORWAY DESIGN A STORTINGSGAT OSLO","norway design a stortingsgat oslo","norway design a stortingsgat oslo",""
"NYCT PAYGO","nyct paygo","nyct paygo",""
"Netflix.com","netflix.com","netflix.com",""
"Nettgiro","nettgiro","nettgiro",""
"Nintendo CA1378293444","nintendo ca","nintendo","YES"
"Nintendo CA1477690995","nintendo ca","nintendo","YES"
"Nintendo CA1489639023","nintendo ca","nintendo","YES"
"Nintendo CA1568908609","nintendo ca","nintendo","YES"
"Nintendo CA1576704143","nintendo ca","nintendo","YES"
"Nintendo CA1579999135","nintendo ca","nintendo","YES"
"Noestebarn netthand","noestebarn netthand","noestebarn netthand",""
"Norges speiderforbund","norges speiderforbund","norges speiderforbund",""
"Norsk Journalistlag","norsk","norsk journalistlag","YES"
"Norsk elbilforening","norsk","norsk elbilforening","YES"
"NØTTERØ BAKERI STORGATEN TØNSBERG","nøtterø bakeri storgaten tønsberg","nøtterø bakeri storgaten tønsberg",""
"OBOS BBL","obos","obos",""
"OBOS FACTORING AS","obos","obos",""
"OBS BYGG ALNABR SMALVOLLVEIE OSLO","obs bygg alnabr smalvollveie oslo","obs bygg alnabr smalvollveie oslo",""
"OK.DK","ok.dk","ok.dk",""
"OPENAI","openai","openai",""
"OPENAI CHATGPT SUBSCR","openai","openai",""
"ORLEN CS","orlen cs","orlen cs",""
"OSLEKSPRESSEN","oslekspressen","oslekspressen",""
"OSLO KLATRESENT OLAF HELSETS OSLO","oslo","oslo klatresent","YES"
"OSLO VARMEPUMPE AS","oslo","oslo varmpumpe","YES"
"OSLOSPC.COM","oslospc.com","oslospc.com",""
"OSLOTOOLCO","oslotoolco","oslotoolco",""
"OUTLAND OSLO GRENSEN OSLO","outland oslo grensen oslo","outland oslo grensen oslo",""
"Oda.com - 52q6sk","oda.com","oda.com",""
"Oda.com - 5gccz4","oda.com","oda.com",""
"Oda.com - 9wgx2c","oda.com","oda.com",""
"Oda.com - fpbuz9","oda.com","oda.com",""
"Oda.com - hykugt","oda.com","oda.com",""
"Oda.com - j8tmfu","oda.com","oda.com",""
"Oda.com - kuj97d","oda.com","oda.com -","YES"
"Oda.com - kv78ck","oda.com","oda.com -","YES"
"Oda.com - rsudbq","oda.com","oda.com -","YES"
"Oda.com - v6ar6k","oda.com","oda.com -","YES"
"Oestensjoe legesent","oestensjoe legesent","oestensjoe legesent",""
"OffentligWCJCDecaux","offentligwcjcdecaux","offentligwcjcdecaux",""
"Onepark AS","onepark as","onepark as",""
"Oppussing","oppussing","oppussing",""
"Oslo kommune Innkrevingsetaten","oslo kommune innkrevingsetaten","oslo kommune innkrevingsetaten",""
"Ostensjo Havn","ostensjo havn","ostensjo havn",""
"Overført til annen konto","overført til annen konto","overført til annen konto",""
"PANDURO KARL JOHANS OSLO","panduro karl johans oslo","panduro karl johans oslo",""
"PARADIS AVDELIN OPERA GT OSLO","paradis avdelin opera gt oslo","paradis avdelin opera gt oslo",""
"PARKERINGS APPEN","parkerings","parkerings appen","YES"
"PARKERINGSSELSKAPET AS","parkerings","parkeringsselskapet","YES"
"PAYPAL INVESTIGATI","paypal","paypal",""
"PAYPAL TIANHEQJZHU","paypal","paypal",""
"PBP AS","pbp as","pbp as",""
"PLANTASJEN KOTE GENERAL RUGE OSLO","plantasjen kote general ruge oslo","plantasjen kote general ruge oslo",""
"PLAYSTATION","playstation","playstation",""
"POINT (A355) OSL LUFTHAVN GARDERMOEN","point (a","osl lufthavn gardermoen","YES"
"POINT (A384) OSL LUFTHAVN GARDERMOEN","point (a","osl lufthavn gardermoen","YES"
"POSTEN BRING AS","posten bring as","posten bring as",""
"POSTHALLEN DRINKHUB AS","posthallen drinkhub as","posthallen drinkhub as",""
"POTBELLY #","potbelly #","potbelly #",""
"POWER SKULLERUD ENEBAKKVEIEN OSLO","power skullerud enebakkveien oslo","power skullerud enebakkveien oslo",""
"PROSHOP.NO","proshop.no","proshop.no",""
"Parkovani --","parkovani","parkovani --","YES"
"Peppes - Lambertset","peppes - lambertset","peppes - lambertset",""
"Per Inge Øye Hansen","per inge øye hansen","per inge øye hansen",""
"Polarn o Pyret Norge AS","polarn o pyret norge as","polarn o pyret norge as",""
"Politiets Administrative Center Swift DABADKKK","politiets administrative center swift dabadkkk","politiets administrative center swift dabadkkk",""
"Posten Norge AS Pos","posten norge as pos","posten norge as pos",""
"RAADHUSET BAR KLINGENBERGG OSLO","raadhuset bar klingenbergg oslo","raadhuset bar klingenbergg oslo",""
"RAINBOWTEKSTIL.NO","rainbowtekstil.no","rainbowtekstil.no",""
"RECHARGE AS","recharge as","recharge as",""
"REMA 1000 KARIH PER KROHGS V OSLO","rema","rema 1000","YES"
"REMA BØLER","rema","rema 1000","YES"
"REMA BØLER BØLERLIA OSLO","rema","rema 1000","YES"
"REMA MALVIK SEN STOKMOVEGEN STJØRDAL","rema","rema 1000","YES"
"REMA VOLDA INDUSTRIGATA VOLDA","rema","rema 1000","YES"
"RINGEN KINO SANNERGT 6D OSLO","ringen kino sannergt 6d oslo","ringen kino sannergt 6d oslo",""
"ROYALDESIGN.NO","royaldesign.no","royaldesign.no",""
"RUSTAD KJØTT&DAGL. OSLO","rustad kjøtt&dagl. oslo","rustad kjøtt&dagl. oslo",""
"RUTERAPPEN","ruterappen","ruterappen",""
"Raedda Barnen","raedda barnen","raedda barnen",""
"Recharge","recharge","recharge",""
"Recharge AS InvoiceNr","recharge","recharge",""
"Regninger","regninger","regninger",""
"Retrospillkongen","retrospillkongen","retrospillkongen",""
"Rustadsaga AS","rustadsaga","rustadsaga",""
"Rustadsaga Sportsst","rustadsaga","rustadsaga",""
"Ruter","ruter","ruter",""
"S-Bahn Berlin Automat BSA","s-bahn berlin automat b","s-bahn berlin","YES"
"S-Bahn Berlin Automat BZO","s-bahn berlin automat b","s-bahn berlin","YES"
"SAUTER","sauter","sauter",""
"SCANDLINES DE WEB","scandlines de web","scandlines de web",""
"SENTRALENMAT ØVRE SLOTTSG OSLO","sentralenmat øvre slottsg oslo","sentralenmat øvre slottsg oslo",""
"SHOP ""WWW.HOSTER.BY""","shop ""www.hoster.by""","shop ""www.hoster.by""",""
"SKJAK KOMMUNE","skjak kommune","skjak kommune",""
"SKORINGEN GRENS GRENSEN OSLO","skoringen grens grensen oslo","skoringen grens grensen oslo",""
"SKULLERUD SPORTS SENTER AS","skullerud sports senter as","skullerud sports senter as",""
"SMS VARSLING TRANS(ER) TYPE","sms varsling trans(er) type","sms varsling trans(er) type",""
"SMS/EFAKT TRANS(ER) TYPE","sms/efakt trans(er) type","sms/efakt trans(er) type",""
"SMÅ SPOR OSLO MARKVEIEN OSLO","små spor oslo markveien oslo","små spor oslo markveien oslo",""
"SNACKZONE KLÆBUVN TRONDHEIM","snackzone klæbuvn trondheim","snackzone klæbuvn trondheim",""
"SOSTRENE GRENE KONGENS GATE OSLO","sostrene grene kongens gate oslo","sostrene grene kongens gate oslo",""
"SPAR KYVANNET KYVANNSVEGEN TRONDHEIM","spar kyvannet kyvannsvegen trondheim","spar kyvannet kyvannsvegen trondheim",""
"SPOR AV NORD AS TOLLBUGATEN OSLO","spor av nord as tollbugaten oslo","spor av nord as tollbugaten oslo",""
"SPORT OUTLET STRØMSVEIEN OSLO","sport outlet strømsveien oslo","sport outlet strømsveien oslo",""
"SPRELL BUTIKK A CHRISTIAN MI BERGEN","sprell butikk a christian mi bergen","sprell butikk a christian mi bergen",""
"SPURS","spurs","spurs",""
"SQ LOCAL MARKETPLACE","sq local marketplace","sq local marketplace",""
"ST1 BERKÅK MJUKLIVEIEN RENNEBU","st1 berkåk mjukliveien rennebu","st1 berkåk mjukliveien rennebu",""
"STEAM PURCHASE","steam purchase","steam purchase",""
"STEPHANIE SKO B UTMARKVEIEN OSLO","stephanie sko b utmarkveien oslo","stephanie sko b utmarkveien oslo",""
"STIFTELSEN TRON HAVNEGATA TRONDHEIM","stiftelsen tron havnegata trondheim","stiftelsen tron havnegata trondheim",""
"STOCKFLETHS AVD SCHOUS PLASS OSLO","stockfleths avd schous plass oslo","stockfleths avd schous plass oslo",""
"SUNNMØRSBADET LISJEBØVEGEN FOSNAVÅG","sunnmørsbadet lisjebøvegen fosnavåg","sunnmørsbadet lisjebøvegen fosnavåg",""
"SUPERMAGNETER.NO","supermagneter.no","supermagneter.no",""
"SVANEN COCKTAIL KARL JOHANSG OSLO","svanen cocktail karl johansg oslo","svanen cocktail karl johansg oslo",""
"SVEA FINANS AS","svea finans as","svea finans as",""
"SWEET DEKOR AS","sweet dekor as","sweet dekor as",""
"Santander Consumer Bank","santander consumer bank","santander consumer bank",""
"Santander Consumer Bank As","santander consumer bank","santander consumer bank",""
"Selfmade NO","selfmade","selfmade",""
"Selfmade Oslo","selfmade","selfmade",""
"Sentralen Restauran","sentralen restauran","sentralen restauran",""
"Silje Midbrød Siristuen","silje midbrød siristuen","silje midbrød siristuen",""
"Siri Aagedal","siri aagedal","siri aagedal",""
"SkatePro","skatepro","skatepro",""
"Skatt","skatt","skatt",""
"Skatteetaten - Skatteinnkreving","skatt","skatteetaten","YES"
"Skiforeningen","skiforeningen","skiforeningen",""
"Skolelyst","skolelyst","skolelyst",""
"Småsparing","småsparing","småsparing",""
"Småsparing stk avrunding","småsparing","småsparing",""
"SoftWashAS","softwashas","softwashas",""
"Spar Fil.","spar fil","spar fil.","YES"
"Spotify P36779C316","spotify","spotify",""
"Spotify P38456D6B1","spotify","spotify",""
"Spotify P3936A1B96","spotify","spotify",""
"Spotify P3A33AA369","spotify","spotify",""
"Spotify P3B2BF6BE7","spotify","spotify",""
"Spotify P3C190FF61","spotify","spotify",""
"Spotify P3D120E610","spotify","spotify",""
"SpotifySE","spotify","spotify",""
"Stokke A.S","stokke a.s","stokke a.s",""
"Sunniva Halten","sunniva halten","sunniva halten",""
"Svea Finans AS","svea finans as","svea finans as",""
"Swedbank Pay","swedbank pay","swedbank pay",""
"Sweet Dekor As","sweet dekor as","sweet dekor as",""
"Sykkelrep","sykkelrep","sykkelrep",""
"Sørli parsellhage Parsell Anita og Kjetil","sørli parsellhage parsell anita og kjetil","sørli parsellhage parsell anita og kjetil",""
"TEKNIKDELAR.SE","teknikdelar.se","teknikdelar.se",""
"TELENORMARITIME.COM","telenormaritime.com","telenormaritime.com",""
"TESLA NORWAY AS","tesla norway as","tesla norway as",""
"THANSEN A/S - A ENEBAKKVEIEN OSLO","thansen a/s - a enebakkveien oslo","thansen a/s - a enebakkveien oslo",""
"THAUGLAND AS AB ENEBAKKVEIEN OSLO","thaugland as ab enebakkveien oslo","thaugland as ab enebakkveien oslo",""
"THE NEW YORK TIMES","the new york times","the new york times",""
"TINE FOTBALLSKO","tine fotballsko","tine fotballsko",""
"TOLLGAARDE SCHWEIGAARDS OSLO","tollgaarde schweigaards oslo","tollgaarde schweigaards oslo",""
"TONERWEB.NO","tonerweb.no","tonerweb.no",""
"TOOLZ E-COMMERCE BV","toolz e-commerce bv","toolz e-commerce bv",""
"TRENINGSAVGIFT","treningsavgift","treningsavgift",""
"TUNEONDESIG","tuneondesig","tuneondesig",""
"TV NO O-","tv no o","tv no o-","YES"
"Telenor Norge AS","telenor norge as","telenor norge as",""
"Tesla Czech Republic s.r","tesla","tesla",""
"Tesla Inc","tesla","tesla",""
"Tesla_NO","tesla","tesla",""
"Thank you","thank you","thank you",""
"TicketCo AS","ticket","ticketco","YES"
"TicketMaster LLC","ticket","ticketmaster","YES"
"Til: Boliglån","til: boliglån","til: boliglån",""
"Toppers Desse BE4RY26Z","toppers desse be4ry26z","toppers desse be4ry26z",""
"Tur","tur","tur",""
"UBER EATS","uber eats","uber eats",""
"Utdanningsetaten","utdanningsetaten","utdanningsetaten",""
"VENDCOMATICAS","vendcomaticas","vendcomaticas",""
"VERKTER.NO","verkter.no","verkter.no",""
"VG+","vg+","vg+",""
"VIKEN TEPPEVASK AS","viken teppevask as","viken teppevask as",""
"VINMONOPO ALNA OSLO","vinmonopo","vinmonopolet","YES"
"VINMONOPOLET OS UTMARKVEIEN OSLO","vinmonopo","vinmonopolet","YES"
"VY App","vy app","vy app",""
"Vegard Troøyen Foseide","vegard troøyen foseide","vegard troøyen foseide",""
"Verdensrommet","verdensrommet","verdensrommet",""
"Vesper Gastrobar","vesper gastrobar","vesper gastrobar",""
"W.B. Samson Pop-Up","w.b. samson pop-up","w.b. samson pop-up",""
"WH Smith Norway","wh smith norway","wh smith norway",""
"WIDEROE","wideroe","wideroe",""
"WWW.VPG.NO","www.vpg.no","www.vpg.no",""
"Wings Thing B9XGJLYR","wings thing b9xgjlyr","wings thing b9xgjlyr",""
"Wolt","wolt","wolt",""
"XPLORA Mobile AS","xplora mobile as","xplora mobile as",""
"XXL NOR ALN STRØMSVEIEN OSLO","xxl nor","xxl","YES"
"XXL NOR NAF STORGATA OSLO","xxl nor","xxl","YES"
"XXL NOR STO GUNNAR SCHJE OSLO","xxl nor","xxl","YES"
"XXL.NO Walley","xxl.no walley","xxl.no walley",""
"YX -ELEVEN NEDRE KALLBA OSLO","yx -eleven nedre kallba oslo","yx -eleven nedre kallba oslo",""
"ZEITLOS EISCAFE","zeitlos eiscafe","zeitlos eiscafe",""
"ZETA - JACE AI","zeta","zeta",""
"ZETA AI, INC","zeta","zeta",""
"ZOTTER SCHOKOLADE","zotter schokolade","zotter schokolade",""
"Zalando Payments GmbH","zalando payments gmbh","zalando payments gmbh",""
"Zmrzka","zmrzka","zmrzka",""
"aliexpress","aliexpress","aliexpress",""
"csibikecom","csibikecom","csibikecom",""
"eFaktura AvtaleGiro","efaktura avtalegiro","efaktura avtalegiro",""
"mai Noeklevann s","mai noeklevann s","mai noeklevann s",""
"samsofie.no","samsofie.no","samsofie.no",""
"skolyx.se","skolyx.se","skolyx.se",""
"speidersport.no","speidersport.no","speidersport.no",""
"waveshare","waveshare","waveshare",""
"Årspris Visa med legitimasjon","årspris visa","årspris visa",""
"Årspris Visa uten legitimasjon","årspris visa","årspris visa",""
"Øyvind Fagerholt","øyvind fagerholt","øyvind fagerholt",""